{"shape": [627, 938], "bounds": {"min_lon": 33.716467558858, "min_lat": 0.08713658255959356, "max_lon": 34.55908729536211, "max_lat": 0.6503802657025336}, "countries": ["KEN", "UGA"]}