{"shape": [1717, 2121], "bounds": {"min_lon": 33.96619920784323, "min_lat": -1.9214963927316566, "max_lon": 35.87152592546074, "max_lat": -0.3790890498984381}, "countries": ["KEN", "TZA"]}